project_location,download_path,sha256,size_bytes
all_run_experiment.py,/mnt/data/q2_smoke_clean_full/ISRS_SCL_Q2_generated/all_run_experiment.py,22af20b40f29563e98852f3b9349e47f50a57cef5ee6614c9ba836da9ea222e5,253
experiments/adaptive_optimization.py,/mnt/data/q2_smoke_clean_full/ISRS_SCL_Q2_generated/experiments/adaptive_optimization.py,8c47d350b56c959a357fbf745d1124f447324882a7a6061b20598a671e4f76be,2597
experiments/baseline_flat_launch.py,/mnt/data/q2_smoke_clean_full/ISRS_SCL_Q2_generated/experiments/baseline_flat_launch.py,52b403702090f44ac4f9b8de16cf496262ddd94a3c5d6758fd2fc815103242bb,1528
experiments/dsp_waveform_analysis.py,/mnt/data/q2_smoke_clean_full/ISRS_SCL_Q2_generated/experiments/dsp_waveform_analysis.py,f48b50c51516e42db368030bd5c35613a291706c3eefb7fce320e810c1e50b98,2808
experiments/fixed_preemphasis.py,/mnt/data/q2_smoke_clean_full/ISRS_SCL_Q2_generated/experiments/fixed_preemphasis.py,8854781dc91136597524770c4b2b6460935af4d5496bbbac3864a4289189efca,2393
experiments/sensitivity_analysis.py,/mnt/data/q2_smoke_clean_full/ISRS_SCL_Q2_generated/experiments/sensitivity_analysis.py,9061a51cd3d2e6f8a16b7ed6a539c58c1773d08e68da88b942a7f155ce63bfed,2838
run_all_experiments.py,/mnt/data/q2_smoke_clean_full/ISRS_SCL_Q2_generated/run_all_experiments.py,86eaeffd397c3d5c0db85cd1bfefb4faef9a7306cc7af4e674d7b7c8cc788ccc,395
src/isrs_scl/cli.py,/mnt/data/q2_smoke_clean_full/ISRS_SCL_Q2_generated/src/isrs_scl/cli.py,8de0660df6576f4d87d2a82034bac9af75b5116697a1c8f3866dfa190d6754af,6398
src/isrs_scl/dsp/carrier_recovery.py,/mnt/data/q2_smoke_clean_full/ISRS_SCL_Q2_generated/src/isrs_scl/dsp/carrier_recovery.py,7f47fa96fb61be8677b216f0bebdae944e6d43644956157c90ec8fcd3fc27c26,5394
src/isrs_scl/dsp/equalizer.py,/mnt/data/q2_smoke_clean_full/ISRS_SCL_Q2_generated/src/isrs_scl/dsp/equalizer.py,513ef8ac38ba4f60ced83a6e85a7b542a6fed1e1b89895cd2c33d41973e1f879,7516
src/isrs_scl/dsp/metrics.py,/mnt/data/q2_smoke_clean_full/ISRS_SCL_Q2_generated/src/isrs_scl/dsp/metrics.py,d55ff9049ff62414319ba53f1d5c4ce4c9e92cf59aed518afae6fa242d8e593a,11799
src/isrs_scl/dsp/noise.py,/mnt/data/q2_smoke_clean_full/ISRS_SCL_Q2_generated/src/isrs_scl/dsp/noise.py,ca8db0e433aee60a3e03d8c249f52653515e2304e52b0e0fa6dcca2f48829e15,5595
src/isrs_scl/dsp/receiver.py,/mnt/data/q2_smoke_clean_full/ISRS_SCL_Q2_generated/src/isrs_scl/dsp/receiver.py,ed9d8d5bd82941ffca33be2749049b2c1f6e4491c8bce4d96a6c0d88031db157,18031
src/isrs_scl/dsp/transmitter.py,/mnt/data/q2_smoke_clean_full/ISRS_SCL_Q2_generated/src/isrs_scl/dsp/transmitter.py,052cc94b92891157cac4e4353e55df7c214160ec98eb7879abaa7915b6d7c0db,4768
src/isrs_scl/experiments.py,/mnt/data/q2_smoke_clean_full/ISRS_SCL_Q2_generated/src/isrs_scl/experiments.py,1360a85e727fa54d3aa9f26254f5d2c91ebd5e1f66d3002bdc2a1c3431f4caa2,37144
src/isrs_scl/fiber/amplification.py,/mnt/data/q2_smoke_clean_full/ISRS_SCL_Q2_generated/src/isrs_scl/fiber/amplification.py,621e5f5a801780831fc975bd6ddd921b357607614fbadeab4162f61ff83b0186,6014
src/isrs_scl/link.py,/mnt/data/q2_smoke_clean_full/ISRS_SCL_Q2_generated/src/isrs_scl/link.py,2d80a4edaa03e6096ce95aa93407744c0acfc6974b63a61710707382267776ff,9064
src/isrs_scl/optimization/adaptive_isrs.py,/mnt/data/q2_smoke_clean_full/ISRS_SCL_Q2_generated/src/isrs_scl/optimization/adaptive_isrs.py,fcb476c1b914479513a474b02cd3ad62827bc80728c8194206d88db1e75c631b,20936
src/isrs_scl/optimization/robust.py,/mnt/data/q2_smoke_clean_full/ISRS_SCL_Q2_generated/src/isrs_scl/optimization/robust.py,eac1d2a5f2b291b4c85b2df0392b5a2964b0541cd132205990103c72f484f6bc,6497
src/isrs_scl/optimization/statistics.py,/mnt/data/q2_smoke_clean_full/ISRS_SCL_Q2_generated/src/isrs_scl/optimization/statistics.py,83ec5935dd80493a639f3252edd351dbae0fbaa7f8a876449bff72c87c8dab48,5013
src/isrs_scl/system/parameters.py,/mnt/data/q2_smoke_clean_full/ISRS_SCL_Q2_generated/src/isrs_scl/system/parameters.py,96bd7d52cee5435dfefbbefcb8f7c0982f7f226cca7a0a3076b1bf4cc9b9e58e,23948
src/isrs_scl/validation/calibration.py,/mnt/data/q2_smoke_clean_full/ISRS_SCL_Q2_generated/src/isrs_scl/validation/calibration.py,d8dab21aa2b96524e47e766c99a19e557e1c1c2049f1b78f737c1ca8c07cee07,7577
src/isrs_scl/validation/external_validation.py,/mnt/data/q2_smoke_clean_full/ISRS_SCL_Q2_generated/src/isrs_scl/validation/external_validation.py,4d8418a3f6c4c31de536d615228ba734013dd84142b7cd783c776820033152b2,12787
src/isrs_scl/validation/publication_gate.py,/mnt/data/q2_smoke_clean_full/ISRS_SCL_Q2_generated/src/isrs_scl/validation/publication_gate.py,3a6b7c8373be2632e06d39dd0dd118de738b8617bfad69b8d444523d7a8d2fae,12692
src/isrs_scl/validation/reproducibility.py,/mnt/data/q2_smoke_clean_full/ISRS_SCL_Q2_generated/src/isrs_scl/validation/reproducibility.py,11863a0f5e922ada7e61e06dfa1e6eba05e28f1d76bdc6472b7d9eee9177f329,11837
src/isrs_scl/validation/uncertainty.py,/mnt/data/q2_smoke_clean_full/ISRS_SCL_Q2_generated/src/isrs_scl/validation/uncertainty.py,7a065e3fae0514f6a2605710c9543bfa8afa0b0e9ffdd54185906f8d5c124d63,11089
src/isrs_scl/visualization/publication_plots.py,/mnt/data/q2_smoke_clean_full/ISRS_SCL_Q2_generated/src/isrs_scl/visualization/publication_plots.py,4248326d4e88e5352e2396868a56727aefe6fe94e6ae4dc9e8a913d66703c4f6,15497
tests/test_config_schema.py,/mnt/data/q2_smoke_clean_full/ISRS_SCL_Q2_generated/tests/test_config_schema.py,10686865030898b6e646c3f3fdc8ac8ea2e6a32e5fe69650a55066a5f465cc22,3161
tests/test_external_validation.py,/mnt/data/q2_smoke_clean_full/ISRS_SCL_Q2_generated/tests/test_external_validation.py,ccd4ca5c970fb0495e1db3f1b98443e2e7924d8e4c8ee36fa1d61747f12efda3,1863
tests/test_optimizer.py,/mnt/data/q2_smoke_clean_full/ISRS_SCL_Q2_generated/tests/test_optimizer.py,59e76fce791fafac7cdb8c46b4b970d811747bf5882e7d3a326514346ee38d94,1996
tests/test_publication_gate.py,/mnt/data/q2_smoke_clean_full/ISRS_SCL_Q2_generated/tests/test_publication_gate.py,f7834df9b10d8d3a980e83bd489e15c703ff873d237b31173217716e906b7f6f,3620
tests/test_publication_pipeline_smoke.py,/mnt/data/q2_smoke_clean_full/ISRS_SCL_Q2_generated/tests/test_publication_pipeline_smoke.py,b0aebbfd83c2c625a00e0fb2fa13a89b846f29a3077b0f8d1090759c07de379e,956
tests/test_reproducibility.py,/mnt/data/q2_smoke_clean_full/ISRS_SCL_Q2_generated/tests/test_reproducibility.py,c2971d0d2a11d717723b5d72a71c995a7f5fefb776f7f27cf1e9b510d73ea367,1404
tests/test_robust_optimizer.py,/mnt/data/q2_smoke_clean_full/ISRS_SCL_Q2_generated/tests/test_robust_optimizer.py,7c6db87d077f82296a1f8073bfc62de59195528c89525230fccaafa11b04d432,1357
tests/test_waveform.py,/mnt/data/q2_smoke_clean_full/ISRS_SCL_Q2_generated/tests/test_waveform.py,682939ed3721ac4358c9d94bdcf87d9c5bb22363b98dc56a914723478fdcf06f,1618
tests/test_waveform_snr_sweep.py,/mnt/data/q2_smoke_clean_full/ISRS_SCL_Q2_generated/tests/test_waveform_snr_sweep.py,bee3382db585bd2cc169d6ad255820f3e68febfd799f04cf63eae014466d4d9a,1510
tools/clean_artifacts.py,/mnt/data/q2_smoke_clean_full/ISRS_SCL_Q2_generated/tools/clean_artifacts.py,4725ab477dc7e04ebe23e4688eb222612bec917108670ae7244976c328bba950,2291
